{"cameraMode":{"drawMode":0,"name":"Shaded","section":"Shading Mode"},"sceneLighting":true,"audioPlay":false,"sceneViewState":{"m_AlwaysRefresh":false,"showFog":true,"showSkybox":true,"showFlares":true,"showImageEffects":true,"showParticleSystems":true,"showVisualEffectGraphs":true,"m_FxEnabled":true},"in2DMode":false,"pivot":{"x":-31.676795959472658,"y":0.06938266009092331,"z":12.267775535583496},"rotation":{"x":-0.00796146783977747,"y":0.9829047918319702,"z":-0.1788586974143982,"w":-0.0436522550880909},"size":0.01451699249446392,"orthographic":false}