{"cameraMode":{"drawMode":0,"name":"Shaded","section":"Shading Mode"},"sceneLighting":false,"audioPlay":false,"sceneViewState":{"m_AlwaysRefresh":false,"showFog":false,"showSkybox":false,"showFlares":false,"showImageEffects":false,"showParticleSystems":false,"showVisualEffectGraphs":true,"m_FxEnabled":true},"in2DMode":false,"pivot":{"x":6.264963303692639e-8,"y":0.00008909888856578618,"z":-0.0000010968797141686082},"rotation":{"x":-0.2927889823913574,"y":0.09930419921875,"z":-0.030589014291763307,"w":-0.9505128264427185},"size":0.00013776979176327586,"orthographic":false}